{
  "gorilla": {
    "success_rate": 32.0,
    "latency": 1130.991153717041,
    "adaptation_time": 7.152557373046875e-07
  },
  "spider2": {
    "success_rate": 64.0,
    "latency": 1029.0694189071655,
    "adaptation_time": 2.384185791015625e-07
  },
  "webarena": {
    "success_rate": 34.0,
    "latency": 1625.0820970535278,
    "adaptation_time": 4.76837158203125e-07
  },
  "intercode": {
    "success_rate": 52.0,
    "latency": 488.96695613861084,
    "adaptation_time": 2.384185791015625e-07
  }
}