{
  "gorilla": {
    "success_rate": 14.000000000000002,
    "latency": 1335.1030158996582,
    "adaptation_time": 7.152557373046875e-07
  },
  "spider2": {
    "success_rate": 24.0,
    "latency": 1079.8858785629272,
    "adaptation_time": 7.152557373046875e-07
  },
  "webarena": {
    "success_rate": 24.0,
    "latency": 1878.4940767288208,
    "adaptation_time": 4.76837158203125e-07
  },
  "intercode": {
    "success_rate": 48.0,
    "latency": 569.4432497024536,
    "adaptation_time": 4.76837158203125e-07
  }
}